{
  "num_papers": 3,
  "summary": {
    "atypical_combination": 0.7294570814244475,
    "bridging": 1.0,
    "causal_direction_accuracy": 0.0,
    "chain_coherence": 0.7606380952380953,
    "concept_f1": 0.3627992063492063,
    "concept_precision": 0.9761904761904763,
    "concept_recall": 0.22429603174603172,
    "consistency": 0.0,
    "consistency_f1": 0.0,
    "consistency_precision": 0.0,
    "consistency_recall": 0.0,
    "disciplinary_leap_index": 0.0,
    "discipline_balance": 0.0,
    "embedding_bridging": 0.7286619047619047,
    "evidence_coverage": 0.0,
    "factual_precision": 1.0,
    "feasibility": 1.6805555555555556,
    "feasibility_data": 1.6666666666666667,
    "feasibility_method": 1.7222222222222223,
    "feasibility_resource": 1.7222222222222223,
    "feasibility_validation": 1.611111111111111,
    "hallucination_rate": 0.023809523809523808,
    "info_novelty": 1.0,
    "innovation": 2.3333333333333335,
    "legacy_feasibility": 2.2666666666666666,
    "novelty_convention_balance": 0.0,
    "path_alignment_best": 0.0,
    "path_alignment_mean": 0.0,
    "rao_stirling": 0.0,
    "relation_precision": 0.0,
    "relation_type_accuracy": 0.0,
    "remote_association_index": 0.6313515873015872,
    "scientificity": 2.566666666666667,
    "testability": 2.3402777777777777
  },
  "papers": [
    {
      "paper_id": "73c077788a0a",
      "title": "Bioaccumulation of microplastics in decedent human brains",
      "primary_discipline": "生物学",
      "secondary_disciplines": [
        "基础医学",
        "环境科学技术"
      ],
      "l1_query": "人类大脑中微塑料生物累积的时空分布规律及其毒性效应机制",
      "path_counts": {
        "L1": 2,
        "L2": 2,
        "L3": 2
      },
      "overall_scores": {
        "atypical_combination": 0.7294570814244475,
        "bridging": 1.0,
        "causal_direction_accuracy": 0.0,
        "chain_coherence": 0.7426833333333334,
        "concept_f1": 0.40725000000000006,
        "concept_precision": 1.0,
        "concept_recall": 0.25758333333333333,
        "consistency": 0.0,
        "consistency_f1": 0.0,
        "consistency_precision": 0.0,
        "consistency_recall": 0.0,
        "disciplinary_leap_index": 0.0,
        "discipline_balance": 0.0,
        "embedding_bridging": 0.7700999999999999,
        "evidence_coverage": 0.0,
        "factual_precision": 1.0,
        "feasibility": 5.041666666666667,
        "feasibility_data": 5.0,
        "feasibility_method": 5.166666666666667,
        "feasibility_resource": 5.166666666666667,
        "feasibility_validation": 4.833333333333333,
        "hallucination_rate": 0.0,
        "info_novelty": 1.0,
        "innovation": 7.0,
        "legacy_feasibility": 6.8,
        "novelty_convention_balance": 0.0,
        "path_alignment_best": 0.0,
        "path_alignment_mean": 0.0,
        "rao_stirling": 0.0,
        "relation_precision": 0.0,
        "relation_type_accuracy": 0.0,
        "remote_association_index": 0.7692,
        "scientificity": 7.7,
        "testability": 7.020833333333333
      },
      "scores_by_level": {
        "L1": {
          "atypical_combination": 0.7294570814244474,
          "bridging": 1.0,
          "causal_direction_accuracy": 0.0,
          "chain_coherence": 0.7522500000000001,
          "concept_f1": 0.3704,
          "concept_precision": 1.0,
          "concept_recall": 0.2273,
          "consistency": 0.0,
          "consistency_f1": 0.0,
          "consistency_precision": 0.0,
          "consistency_recall": 0.0,
          "disciplinary_leap_index": 0.0,
          "discipline_balance": 0.0,
          "embedding_bridging": 0.7206,
          "evidence_coverage": 0.0,
          "factual_precision": 1.0,
          "feasibility": 5.125,
          "feasibility_data": 4.75,
          "feasibility_method": 5.5,
          "feasibility_resource": 5.25,
          "feasibility_validation": 5.0,
          "hallucination_rate": 0.0,
          "info_novelty": 1.0,
          "innovation": 8.5,
          "legacy_feasibility": 8.0,
          "novelty_convention_balance": 0.0,
          "path_alignment_best": 0.0,
          "path_alignment_mean": 0.0,
          "rao_stirling": 0.0,
          "relation_precision": 0.0,
          "relation_type_accuracy": 0.0,
          "remote_association_index": 0.80435,
          "scientificity": 8.75,
          "testability": 7.25
        },
        "L2": {
          "atypical_combination": 0.7294570814244474,
          "bridging": 1.0,
          "causal_direction_accuracy": 0.0,
          "chain_coherence": 0.74315,
          "concept_f1": 0.39949999999999997,
          "concept_precision": 1.0,
          "concept_recall": 0.25,
          "consistency": 0.0,
          "consistency_f1": 0.0,
          "consistency_precision": 0.0,
          "consistency_recall": 0.0,
          "disciplinary_leap_index": 0.0,
          "discipline_balance": 0.0,
          "embedding_bridging": 0.8158000000000001,
          "evidence_coverage": 0.0,
          "factual_precision": 1.0,
          "feasibility": 4.75,
          "feasibility_data": 4.5,
          "feasibility_method": 5.0,
          "feasibility_resource": 5.0,
          "feasibility_validation": 4.5,
          "hallucination_rate": 0.0,
          "info_novelty": 1.0,
          "innovation": 6.75,
          "legacy_feasibility": 7.5,
          "novelty_convention_balance": 0.0,
          "path_alignment_best": 0.0,
          "path_alignment_mean": 0.0,
          "rao_stirling": 0.0,
          "relation_precision": 0.0,
          "relation_type_accuracy": 0.0,
          "remote_association_index": 0.8279000000000001,
          "scientificity": 7.75,
          "testability": 7.0
        },
        "L3": {
          "atypical_combination": 0.7294570814244474,
          "bridging": 1.0,
          "causal_direction_accuracy": 0.0,
          "chain_coherence": 0.73265,
          "concept_f1": 0.45185,
          "concept_precision": 1.0,
          "concept_recall": 0.29545,
          "consistency": 0.0,
          "consistency_f1": 0.0,
          "consistency_precision": 0.0,
          "consistency_recall": 0.0,
          "disciplinary_leap_index": 0.0,
          "discipline_balance": 0.0,
          "embedding_bridging": 0.7739,
          "evidence_coverage": 0.0,
          "factual_precision": 1.0,
          "feasibility": 5.25,
          "feasibility_data": 5.75,
          "feasibility_method": 5.0,
          "feasibility_resource": 5.25,
          "feasibility_validation": 5.0,
          "hallucination_rate": 0.0,
          "info_novelty": 1.0,
          "innovation": 5.75,
          "legacy_feasibility": 4.9,
          "novelty_convention_balance": 0.0,
          "path_alignment_best": 0.0,
          "path_alignment_mean": 0.0,
          "rao_stirling": 0.0,
          "relation_precision": 0.0,
          "relation_type_accuracy": 0.0,
          "remote_association_index": 0.67535,
          "scientificity": 6.6,
          "testability": 6.8125
        }
      },
      "metadata": {
        "journal": "Nature Medicine",
        "journal_id": "https://openalex.org/S203256638",
        "issn_l": "1078-8956",
        "source_type": "journal",
        "doi": "https://doi.org/10.1038/s41591-024-03453-1",
        "publication_date": "2025-02-03",
        "publication_year": 2025,
        "fwci": 732.30334375,
        "cited_by_count": 446,
        "field": "Microplastics and Plastic Pollution"
      }
    },
    {
      "paper_id": "df6870da869d",
      "title": "Cytosolic phospholipase A2 in infiltrating monocyte derived macrophages does not impair recovery after spinal cord injury in female mice",
      "primary_discipline": "基础医学",
      "secondary_disciplines": [
        "生物学"
      ],
      "l1_query": "脊髓损伤后单核细胞来源巨噬细胞的促炎表型如何影响神经修复微环境？",
      "path_counts": {
        "L1": 2,
        "L2": 2,
        "L3": 2
      },
      "overall_scores": {
        "atypical_combination": 0.7294570814244475,
        "bridging": 1.0,
        "causal_direction_accuracy": 0.0,